001__ImenaOphelia_openrussian-to-yomitan__opr-ru-en.zip	https://github.com/ImenaOphelia/openrussian-to-yomitan/releases/download/v2026.03.01/opr-ru-en.zip
002__ImenaOphelia_openrussian-to-yomitan__zaliznyak-prefix.zip	https://github.com/ImenaOphelia/openrussian-to-yomitan/releases/download/v2026.03.01/zaliznyak-prefix.zip
003__ImenaOphelia_openrussian-to-yomitan__zaliznyak.zip	https://github.com/ImenaOphelia/openrussian-to-yomitan/releases/download/v2026.03.01/zaliznyak.zip
004__Lyroxide_yomitan-ko-dic__ipa.zip	https://github.com/Lyroxide/yomitan-ko-dic/releases/download/1.0.0/ipa.zip
005__Lyroxide_yomitan-ko-dic__KO-AR.KRDICT.No.Examples.zip	https://github.com/Lyroxide/yomitan-ko-dic/releases/download/1.0.0/KO-AR.KRDICT.No.Examples.zip
006__Lyroxide_yomitan-ko-dic__KO-AR.KRDICT.zip	https://github.com/Lyroxide/yomitan-ko-dic/releases/download/1.0.0/KO-AR.KRDICT.zip
007__Lyroxide_yomitan-ko-dic__KO-EN.KRDICT.No.Examples.zip	https://github.com/Lyroxide/yomitan-ko-dic/releases/download/1.0.0/KO-EN.KRDICT.No.Examples.zip
008__Lyroxide_yomitan-ko-dic__KO-EN.KRDICT.zip	https://github.com/Lyroxide/yomitan-ko-dic/releases/download/1.0.0/KO-EN.KRDICT.zip
009__Lyroxide_yomitan-ko-dic__KO-ES.KRDICT.No.Examples.zip	https://github.com/Lyroxide/yomitan-ko-dic/releases/download/1.0.0/KO-ES.KRDICT.No.Examples.zip
010__Lyroxide_yomitan-ko-dic__KO-ES.KRDICT.zip	https://github.com/Lyroxide/yomitan-ko-dic/releases/download/1.0.0/KO-ES.KRDICT.zip
011__Lyroxide_yomitan-ko-dic__KO-FR.KRDICT.No.Examples.zip	https://github.com/Lyroxide/yomitan-ko-dic/releases/download/1.0.0/KO-FR.KRDICT.No.Examples.zip
012__Lyroxide_yomitan-ko-dic__KO-FR.KRDICT.zip	https://github.com/Lyroxide/yomitan-ko-dic/releases/download/1.0.0/KO-FR.KRDICT.zip
013__Lyroxide_yomitan-ko-dic__KO-ID.KRDICT.No.Examples.zip	https://github.com/Lyroxide/yomitan-ko-dic/releases/download/1.0.0/KO-ID.KRDICT.No.Examples.zip
014__Lyroxide_yomitan-ko-dic__KO-ID.KRDICT.zip	https://github.com/Lyroxide/yomitan-ko-dic/releases/download/1.0.0/KO-ID.KRDICT.zip
015__Lyroxide_yomitan-ko-dic__KO-JA.KRDICT.No.Examples.zip	https://github.com/Lyroxide/yomitan-ko-dic/releases/download/1.0.0/KO-JA.KRDICT.No.Examples.zip
016__Lyroxide_yomitan-ko-dic__KO-JA.KRDICT.zip	https://github.com/Lyroxide/yomitan-ko-dic/releases/download/1.0.0/KO-JA.KRDICT.zip
017__Lyroxide_yomitan-ko-dic__KO-MN.KRDICT.No.Examples.zip	https://github.com/Lyroxide/yomitan-ko-dic/releases/download/1.0.0/KO-MN.KRDICT.No.Examples.zip
018__Lyroxide_yomitan-ko-dic__KO-MN.KRDICT.zip	https://github.com/Lyroxide/yomitan-ko-dic/releases/download/1.0.0/KO-MN.KRDICT.zip
019__Lyroxide_yomitan-ko-dic__KO-RU.KRDICT.No.Examples.zip	https://github.com/Lyroxide/yomitan-ko-dic/releases/download/1.0.0/KO-RU.KRDICT.No.Examples.zip
020__Lyroxide_yomitan-ko-dic__KO-RU.KRDICT.zip	https://github.com/Lyroxide/yomitan-ko-dic/releases/download/1.0.0/KO-RU.KRDICT.zip
021__Lyroxide_yomitan-ko-dic__KO-TH.KRDICT.No.Examples.zip	https://github.com/Lyroxide/yomitan-ko-dic/releases/download/1.0.0/KO-TH.KRDICT.No.Examples.zip
022__Lyroxide_yomitan-ko-dic__KO-TH.KRDICT.zip	https://github.com/Lyroxide/yomitan-ko-dic/releases/download/1.0.0/KO-TH.KRDICT.zip
023__Lyroxide_yomitan-ko-dic__KO-VI.KRDICT.No.Examples.zip	https://github.com/Lyroxide/yomitan-ko-dic/releases/download/1.0.0/KO-VI.KRDICT.No.Examples.zip
024__Lyroxide_yomitan-ko-dic__KO-VI.KRDICT.zip	https://github.com/Lyroxide/yomitan-ko-dic/releases/download/1.0.0/KO-VI.KRDICT.zip
025__Lyroxide_yomitan-ko-dic__KO-ZH.KRDICT.No.Examples.zip	https://github.com/Lyroxide/yomitan-ko-dic/releases/download/1.0.0/KO-ZH.KRDICT.No.Examples.zip
026__Lyroxide_yomitan-ko-dic__KO-ZH.KRDICT.zip	https://github.com/Lyroxide/yomitan-ko-dic/releases/download/1.0.0/KO-ZH.KRDICT.zip
027__Lyroxide_yomitan-ko-dic__Monolingual.KRDICT.No.Examples.zip	https://github.com/Lyroxide/yomitan-ko-dic/releases/download/1.0.0/Monolingual.KRDICT.No.Examples.zip
028__Lyroxide_yomitan-ko-dic__Monolingual.KRDICT.zip	https://github.com/Lyroxide/yomitan-ko-dic/releases/download/1.0.0/Monolingual.KRDICT.zip
029__Lyroxide_yomitan-ko-dic__Monolingual.OPENDICT.PREVIEW.zip	https://github.com/Lyroxide/yomitan-ko-dic/releases/download/1.0.0/Monolingual.OPENDICT.PREVIEW.zip
030__Lyroxide_yomitan-ko-dic__Monolingual.STDICT.No.Examples.zip	https://github.com/Lyroxide/yomitan-ko-dic/releases/download/1.0.0/Monolingual.STDICT.No.Examples.zip
031__Lyroxide_yomitan-ko-dic__Monolingual.STDICT.zip	https://github.com/Lyroxide/yomitan-ko-dic/releases/download/1.0.0/Monolingual.STDICT.zip
032__MarvNC_cc-cedict-yomitan__CC-CEDICT.Canto.zip	https://github.com/MarvNC/cc-cedict-yomitan/releases/download/2026-10-06/CC-CEDICT.Canto.zip
033__MarvNC_cc-cedict-yomitan__CC-CEDICT.Hanzi.zip	https://github.com/MarvNC/cc-cedict-yomitan/releases/download/2026-10-06/CC-CEDICT.Hanzi.zip
034__MarvNC_cc-cedict-yomitan__CC-CEDICT.Zhuyin.zip	https://github.com/MarvNC/cc-cedict-yomitan/releases/download/2026-10-06/CC-CEDICT.Zhuyin.zip
035__MarvNC_cc-cedict-yomitan__CC-CEDICT.zip	https://github.com/MarvNC/cc-cedict-yomitan/releases/download/2026-10-06/CC-CEDICT.zip
036__yomidevs_jmdict-yomitan__JMdict_dutch.zip	https://github.com/yomidevs/jmdict-yomitan/releases/download/2026-10-05/JMdict_dutch.zip
037__yomidevs_jmdict-yomitan__JMdict_english.zip	https://github.com/yomidevs/jmdict-yomitan/releases/download/2026-10-05/JMdict_english.zip
038__yomidevs_jmdict-yomitan__JMdict_english_legacy.zip	https://github.com/yomidevs/jmdict-yomitan/releases/download/2026-10-05/JMdict_english_legacy.zip
039__yomidevs_jmdict-yomitan__JMdict_english_legacy_without_proper_names.zip	https://github.com/yomidevs/jmdict-yomitan/releases/download/2026-10-05/JMdict_english_legacy_without_proper_names.zip
040__yomidevs_jmdict-yomitan__JMdict_english_without_proper_names.zip	https://github.com/yomidevs/jmdict-yomitan/releases/download/2026-10-05/JMdict_english_without_proper_names.zip
041__yomidevs_jmdict-yomitan__JMdict_english_with_examples.zip	https://github.com/yomidevs/jmdict-yomitan/releases/download/2026-10-05/JMdict_english_with_examples.zip
042__yomidevs_jmdict-yomitan__JMdict_forms.zip	https://github.com/yomidevs/jmdict-yomitan/releases/download/2026-10-05/JMdict_forms.zip
043__yomidevs_jmdict-yomitan__JMdict_french.zip	https://github.com/yomidevs/jmdict-yomitan/releases/download/2026-10-05/JMdict_french.zip
044__yomidevs_jmdict-yomitan__JMdict_german.zip	https://github.com/yomidevs/jmdict-yomitan/releases/download/2026-10-05/JMdict_german.zip
045__yomidevs_jmdict-yomitan__JMdict_hungarian.zip	https://github.com/yomidevs/jmdict-yomitan/releases/download/2026-10-05/JMdict_hungarian.zip
046__yomidevs_jmdict-yomitan__JMdict_russian.zip	https://github.com/yomidevs/jmdict-yomitan/releases/download/2026-10-05/JMdict_russian.zip
047__yomidevs_jmdict-yomitan__JMdict_slovenian.zip	https://github.com/yomidevs/jmdict-yomitan/releases/download/2026-10-05/JMdict_slovenian.zip
048__yomidevs_jmdict-yomitan__JMdict_spanish.zip	https://github.com/yomidevs/jmdict-yomitan/releases/download/2026-10-05/JMdict_spanish.zip
049__yomidevs_jmdict-yomitan__JMdict_swedish.zip	https://github.com/yomidevs/jmdict-yomitan/releases/download/2026-10-05/JMdict_swedish.zip
050__yomidevs_jmdict-yomitan__JMnedict.zip	https://github.com/yomidevs/jmdict-yomitan/releases/download/2026-10-05/JMnedict.zip
051__yomidevs_jmdict-yomitan__KANJIDIC_english.zip	https://github.com/yomidevs/jmdict-yomitan/releases/download/2026-10-05/KANJIDIC_english.zip
052__yomidevs_jmdict-yomitan__KANJIDIC_french.zip	https://github.com/yomidevs/jmdict-yomitan/releases/download/2026-10-05/KANJIDIC_french.zip
053__yomidevs_jmdict-yomitan__KANJIDIC_portuguese.zip	https://github.com/yomidevs/jmdict-yomitan/releases/download/2026-10-05/KANJIDIC_portuguese.zip
054__yomidevs_jmdict-yomitan__KANJIDIC_spanish.zip	https://github.com/yomidevs/jmdict-yomitan/releases/download/2026-10-05/KANJIDIC_spanish.zip
055__MarvNC_jpdb-freq-list__Freq.JPDB_2022-05-10T03_27_02.930Z.zip	https://github.com/MarvNC/jpdb-freq-list/releases/download/2022-05-09/Freq.JPDB_2022-05-10T03_27_02.930Z.zip
056__MarvNC_kanjidego-yomitan-anki__GO.zip	https://github.com/MarvNC/kanjidego-yomitan-anki/releases/download/2024-03-10/GO.zip
057__MarvNC_pixiv-yomitan__PixivLight_2026-10-06.zip	https://github.com/MarvNC/pixiv-yomitan/releases/download/2026-10-06/PixivLight_2026-10-06.zip
058__MarvNC_pixiv-yomitan__Pixiv_2026-10-06.zip	https://github.com/MarvNC/pixiv-yomitan/releases/download/2026-10-06/Pixiv_2026-10-06.zip
059__MarvNC_wordshk-yomitan__Words.hk.2026-10-05.zip	https://github.com/MarvNC/wordshk-yomitan/releases/download/2026-10-06/Words.hk.2026-10-05.zip
060__MarvNC_wordshk-yomitan__Words.hk.Honzi.2026-10-05.zip	https://github.com/MarvNC/wordshk-yomitan/releases/download/2026-10-06/Words.hk.Honzi.2026-10-05.zip
061__jarjumarvin_yomichan_krdict__hanja.zip	https://github.com/jarjumarvin/yomichan_krdict/releases/download/v1.1.0/hanja.zip
062__jarjumarvin_yomichan_krdict__krdict_english.zip	https://github.com/jarjumarvin/yomichan_krdict/releases/download/v1.1.0/krdict_english.zip
063__jarjumarvin_yomichan_krdict__krdict_monolingual.zip	https://github.com/jarjumarvin/yomichan_krdict/releases/download/v1.1.0/krdict_monolingual.zip
064__omnilingual_mcpdict-for-yomitan__mcpdict_for_yomitan_a1.5.zip	https://github.com/omnilingual/mcpdict-for-yomitan/releases/download/alpha_1.5/mcpdict_for_yomitan_a1.5.zip
065__peldas_yomitan-dicts__Babylon_Japanese_English.v1.0.0.zip	https://github.com/peldas/yomitan-dicts/releases/download/yomitan-dicts-v1.1.1/Babylon_Japanese_English.v1.0.0.zip
066__peldas_yomitan-dicts__gottai.v1.0.1.zip	https://github.com/peldas/yomitan-dicts/releases/download/yomitan-dicts-v1.1.1/gottai.v1.0.1.zip
067__peldas_yomitan-dicts__JTDIC.v1.0.0.zip	https://github.com/peldas/yomitan-dicts/releases/download/yomitan-dicts-v1.1.1/JTDIC.v1.0.0.zip
068__peldas_yomitan-dicts__kpedia.v1.0.0.zip	https://github.com/peldas/yomitan-dicts/releases/download/yomitan-dicts-v1.1.1/kpedia.v1.0.0.zip
069__peldas_yomitan-dicts__KRDICT-EN-hanja.v1.0.3-hanja-only.zip	https://github.com/peldas/yomitan-dicts/releases/download/yomitan-dicts-v1.1.1/KRDICT-EN-hanja.v1.0.3-hanja-only.zip
070__peldas_yomitan-dicts__KRDICT-EN-hanja.v1.0.3-pronunciation-only.zip	https://github.com/peldas/yomitan-dicts/releases/download/yomitan-dicts-v1.1.1/KRDICT-EN-hanja.v1.0.3-pronunciation-only.zip
071__peldas_yomitan-dicts__KRDICT-EN-hanja.v1.0.3-with-pronunciation.zip	https://github.com/peldas/yomitan-dicts/releases/download/yomitan-dicts-v1.1.1/KRDICT-EN-hanja.v1.0.3-with-pronunciation.zip
072__peldas_yomitan-dicts__KRDICT-JA-hanja.v1.3.3-hanja-only.zip	https://github.com/peldas/yomitan-dicts/releases/download/yomitan-dicts-v1.1.1/KRDICT-JA-hanja.v1.3.3-hanja-only.zip
073__peldas_yomitan-dicts__KRDICT-JA-hanja.v1.3.3-pronunciation-only.zip	https://github.com/peldas/yomitan-dicts/releases/download/yomitan-dicts-v1.1.1/KRDICT-JA-hanja.v1.3.3-pronunciation-only.zip
074__peldas_yomitan-dicts__KRDICT-JA-hanja.v1.3.3-with-pronunciation.zip	https://github.com/peldas/yomitan-dicts/releases/download/yomitan-dicts-v1.1.1/KRDICT-JA-hanja.v1.3.3-with-pronunciation.zip
075__peldas_yomitan-dicts__KRDICT-KR-hanja.v1.0.3-hanja-only.zip	https://github.com/peldas/yomitan-dicts/releases/download/yomitan-dicts-v1.1.1/KRDICT-KR-hanja.v1.0.3-hanja-only.zip
076__peldas_yomitan-dicts__KRDICT-KR-hanja.v1.0.3-pronunciation-only.zip	https://github.com/peldas/yomitan-dicts/releases/download/yomitan-dicts-v1.1.1/KRDICT-KR-hanja.v1.0.3-pronunciation-only.zip
077__peldas_yomitan-dicts__KRDICT-KR-hanja.v1.0.3-with-pronunciation.zip	https://github.com/peldas/yomitan-dicts/releases/download/yomitan-dicts-v1.1.1/KRDICT-KR-hanja.v1.0.3-with-pronunciation.zip
078__peldas_yomitan-dicts__Naver-JA-hanja.v1.0.3-hanja-only.zip	https://github.com/peldas/yomitan-dicts/releases/download/yomitan-dicts-v1.1.1/Naver-JA-hanja.v1.0.3-hanja-only.zip
079__peldas_yomitan-dicts__Naver-JA-hanja.v1.0.3-pronunciation-only.zip	https://github.com/peldas/yomitan-dicts/releases/download/yomitan-dicts-v1.1.1/Naver-JA-hanja.v1.0.3-pronunciation-only.zip
080__peldas_yomitan-dicts__Naver-JA-hanja.v1.0.3-with-pronunciation.zip	https://github.com/peldas/yomitan-dicts/releases/download/yomitan-dicts-v1.1.1/Naver-JA-hanja.v1.0.3-with-pronunciation.zip
081__peldas_yomitan-dicts__STDICT-hanja.v1.0.3-hanja-only.zip	https://github.com/peldas/yomitan-dicts/releases/download/yomitan-dicts-v1.1.1/STDICT-hanja.v1.0.3-hanja-only.zip
082__peldas_yomitan-dicts__STDICT-hanja.v1.0.3-pronunciation-only.zip	https://github.com/peldas/yomitan-dicts/releases/download/yomitan-dicts-v1.1.1/STDICT-hanja.v1.0.3-pronunciation-only.zip
083__peldas_yomitan-dicts__STDICT-hanja.v1.0.3-with-pronunciation.zip	https://github.com/peldas/yomitan-dicts/releases/download/yomitan-dicts-v1.1.1/STDICT-hanja.v1.0.3-with-pronunciation.zip
084__toasted-nutbread_yomichan-bccwj-frequency-dictionary__BCCWJ-LUW.zip	https://github.com/toasted-nutbread/yomichan-bccwj-frequency-dictionary/releases/download/1.0.1/BCCWJ-LUW.zip
085__toasted-nutbread_yomichan-bccwj-frequency-dictionary__BCCWJ-SUW.zip	https://github.com/toasted-nutbread/yomichan-bccwj-frequency-dictionary/releases/download/1.0.1/BCCWJ-SUW.zip
086__StefanVukovic99_leipzig-to-yomitan__Leipzig.Mandarin.Chinese.Wikipedia.zip	https://github.com/StefanVukovic99/leipzig-to-yomitan/releases/download/v2024-08-31-18-57-16-00-00/Leipzig.Mandarin.Chinese.Wikipedia.zip
087__StefanVukovic99_leipzig-to-yomitan__Leipzig.English.News.zip	https://github.com/StefanVukovic99/leipzig-to-yomitan/releases/download/v2024-08-31-18-57-16-00-00/Leipzig.English.News.zip
088__StefanVukovic99_leipzig-to-yomitan__Leipzig.Swiss.German.Wikipedia.Rank.zip	https://github.com/StefanVukovic99/leipzig-to-yomitan/releases/download/v2024-08-31-18-57-16-00-00/Leipzig.Swiss.German.Wikipedia.Rank.zip
089__StefanVukovic99_leipzig-to-yomitan__Leipzig.German.Wikipedia.Rank.zip	https://github.com/StefanVukovic99/leipzig-to-yomitan/releases/download/v2024-08-31-18-57-16-00-00/Leipzig.German.Wikipedia.Rank.zip
090__StefanVukovic99_leipzig-to-yomitan__Leipzig.Japanese.Wikipedia.Rank.zip	https://github.com/StefanVukovic99/leipzig-to-yomitan/releases/download/v2024-08-31-18-57-16-00-00/Leipzig.Japanese.Wikipedia.Rank.zip
091__StefanVukovic99_leipzig-to-yomitan__Leipzig.Japanese.Wikipedia.zip	https://github.com/StefanVukovic99/leipzig-to-yomitan/releases/download/v2024-08-31-18-57-16-00-00/Leipzig.Japanese.Wikipedia.zip
092__StefanVukovic99_leipzig-to-yomitan__Leipzig.Japanese.Wikipedia.Occurrence.zip	https://github.com/StefanVukovic99/leipzig-to-yomitan/releases/download/v2024-08-31-18-57-16-00-00/Leipzig.Japanese.Wikipedia.Occurrence.zip
093__StefanVukovic99_leipzig-to-yomitan__Leipzig.Japanese.News.Rank.zip	https://github.com/StefanVukovic99/leipzig-to-yomitan/releases/download/v2024-08-31-18-57-16-00-00/Leipzig.Japanese.News.Rank.zip
094__MarvNC_wikipedia-yomitan__eu.Wikipedia.2022-12-01.v1.6.1.zip	https://github.com/MarvNC/wikipedia-yomitan/releases/download/v1.6.1/eu.Wikipedia.2022-12-01.v1.6.1.zip
095__MarvNC_wikipedia-yomitan__ja.Wikipedia.2022-12-01.v1.6.1.zip	https://github.com/MarvNC/wikipedia-yomitan/releases/download/v1.6.1/ja.Wikipedia.2022-12-01.v1.6.1.zip
096__MarvNC_yomitan-dictionaries__[Cantonese] Cantodict.zip	https://raw.githubusercontent.com/MarvNC/yomitan-dictionaries/master/dl/%5BCantonese%5D%20Cantodict.zip
097__MarvNC_yomitan-dictionaries__[Freq] Aozora Bunko.zip	https://raw.githubusercontent.com/MarvNC/yomitan-dictionaries/master/dl/%5BFreq%5D%20Aozora%20Bunko.zip
098__MarvNC_yomitan-dictionaries__[Hanzi] Wiktionary.zip	https://raw.githubusercontent.com/MarvNC/yomitan-dictionaries/master/dl/%5BHanzi%5D%20Wiktionary.zip
099__MarvNC_yomitan-dictionaries__[JP-Mongolian] Japanese-Mongolian 日・モ辞典 (No Sentences).zip	https://raw.githubusercontent.com/MarvNC/yomitan-dictionaries/master/dl/[JP-Mongolian] Japanese-Mongolian 日・モ辞典 (No Sentences).zip
100__MarvNC_yomitan-dictionaries__[JP-Mongolian] Japanese-Mongolian 日・モ辞典.zip	https://raw.githubusercontent.com/MarvNC/yomitan-dictionaries/master/dl/[JP-Mongolian] Japanese-Mongolian 日・モ辞典.zip
101__MarvNC_yomitan-dictionaries__[Kanji Frequency] Aozora Bunko.zip	https://raw.githubusercontent.com/MarvNC/yomitan-dictionaries/master/dl/%5BKanji%20Frequency%5D%20Aozora%20Bunko.zip
102__MarvNC_yomitan-dictionaries__[Kanji Frequency] Innocent Corpus Kanji.zip	https://raw.githubusercontent.com/MarvNC/yomitan-dictionaries/master/dl/%5BKanji%20Frequency%5D%20Innocent%20Corpus%20Kanji.zip
103__MarvNC_yomitan-dictionaries__[Kanji Frequency] JPDB Kanji.zip	https://raw.githubusercontent.com/MarvNC/yomitan-dictionaries/master/dl/%5BKanji%20Frequency%5D%20JPDB%20Kanji.zip
104__MarvNC_yomitan-dictionaries__[Kanji Frequency] Wikipedia.zip	https://raw.githubusercontent.com/MarvNC/yomitan-dictionaries/master/dl/%5BKanji%20Frequency%5D%20Wikipedia.zip
105__MarvNC_yomitan-dictionaries__[Kanji] JPDB Kanji.zip	https://raw.githubusercontent.com/MarvNC/yomitan-dictionaries/master/dl/%5BKanji%5D%20JPDB%20Kanji.zip
106__MarvNC_yomitan-dictionaries__[Kanji] TheKanjiMap.zip	https://raw.githubusercontent.com/MarvNC/yomitan-dictionaries/master/dl/%5BKanji%5D%20TheKanjiMap.zip
107__MarvNC_yomitan-dictionaries__[Kanji] Wiktionary.zip	https://raw.githubusercontent.com/MarvNC/yomitan-dictionaries/master/dl/%5BKanji%5D%20Wiktionary.zip
108__MarvNC_yomitan-dictionaries__[Kanji] jitai.zip	https://raw.githubusercontent.com/MarvNC/yomitan-dictionaries/master/dl/%5BKanji%5D%20jitai.zip
109__MarvNC_yomitan-dictionaries__[Kanji] mozc Kanji Variants.zip	https://raw.githubusercontent.com/MarvNC/yomitan-dictionaries/master/dl/%5BKanji%5D%20mozc%20Kanji%20Variants.zip
110__MarvNC_yomitan-dictionaries__[Monolingual] Pixiv.zip	https://raw.githubusercontent.com/MarvNC/yomitan-dictionaries/master/dl/%5BMonolingual%5D%20Pixiv.zip
111__MarvNC_yomitan-dictionaries__[Monolingual] PixivLight.zip	https://raw.githubusercontent.com/MarvNC/yomitan-dictionaries/master/dl/%5BMonolingual%5D%20PixivLight.zip
112__MarvNC_yomitan-dictionaries__[Monolingual] surasura.zip	https://raw.githubusercontent.com/MarvNC/yomitan-dictionaries/master/dl/%5BMonolingual%5D%20surasura.zip
113__MarvNC_yomitan-dictionaries__[Other] Nico-Pixiv.zip	https://raw.githubusercontent.com/MarvNC/yomitan-dictionaries/master/dl/%5BOther%5D%20Nico-Pixiv.zip
114__MarvNC_yomitan-dictionaries__[Other] 複合語起源.zip	https://raw.githubusercontent.com/MarvNC/yomitan-dictionaries/master/dl/[Other] 複合語起源.zip
115__MarvNC_yomichan-dictionaries__oald-release-yomitan.zip	https://github.com/MarvNC/yomichan-dictionaries/files/14957647/oald-release-yomitan.zip
116__MarvNC_yomichan-dictionaries__Aurelio.zip	https://github.com/MarvNC/yomichan-dictionaries/files/15145512/Aurelio.zip
117__1nip86.zip__1nip86.zip	https://files.catbox.moe/1nip86.zip
118__pnobup.zip__pnobup.zip	https://files.catbox.moe/pnobup.zip
119__user-attachments_files__default.zip	https://github.com/user-attachments/files/17180970/default.zip
120__user-attachments_files__default.zip	https://github.com/user-attachments/files/17180971/default.zip
121__user-attachments_files__Living_Japanese_Slang_Dictionary_Scripting_Japan.zip	https://github.com/user-attachments/files/21926553/Living_Japanese_Slang_Dictionary_Scripting_Japan.zip
122__user-attachments_files__JPDB.zip	https://github.com/user-attachments/files/21926559/JPDB.zip
201__mediafire__三省堂国語辞典　第八版.zip	https://www.mediafire.com/file/1quamrofz1ldbp1/%25E4%25B8%2589%25E7%259C%2581%25E5%25A0%2582%25E5%259B%25BD%25E8%25AA%259E%25E8%25BE%259E%25E5%2585%25B8%25E3%2580%2580%25E7%25AC%25AC%25E5%2585%25AB%25E7%2589%2588.zip/file
202__mediafire__新語時事用語辞典.zip	https://www.mediafire.com/file/a89vdraxh2albod/%25E6%2596%25B0%25E8%25AA%259E%25E6%2599%2582%25E4%25BA%258B%25E7%2594%25A8%25E8%25AA%259E%25E8%25BE%259E%25E5%2585%25B8.zip/file
203__mediafire__大辞林　第四版　画像無し.zip	https://www.mediafire.com/file/a94y4d0xefg2ilf/%25E5%25A4%25A7%25E8%25BE%259E%25E6%259E%2597%25E3%2580%2580%25E7%25AC%25AC%25E5%259B%259B%25E7%2589%2588%25E3%2580%2580%25E7%2594%25BB%25E5%2583%258F%25E7%2584%25A1%25E3%2581%2597.zip/file
204__mediafire__全国方言辞典.zip	https://www.mediafire.com/file/at8jg58kwjiilw9/%25E5%2585%25A8%25E5%259B%25BD%25E6%2596%25B9%25E8%25A8%2580%25E8%25BE%259E%25E5%2585%25B8.zip/file
205__mediafire__Từ+điển+tiếng+Việt.zip	https://www.mediafire.com/file/ekopqoj0627tpkw/T%E1%BB%AB_%C4%91i%E1%BB%83n_ti%E1%BA%BFng_Vi%E1%BB%87t.zip/file
206__mediafire__実用日本語表現辞典.zip	https://www.mediafire.com/file/hw2gkzfyddtdzje/%25E5%25AE%259F%25E7%2594%25A8%25E6%2597%25A5%25E6%259C%25AC%25E8%25AA%259E%25E8%25A1%25A8%25E7%258F%25BE%25E8%25BE%259E%25E5%2585%25B8.zip/file
207__mediafire__漢字ペディア同訓異義.zip	https://www.mediafire.com/file/ltnvo3f5ipmr289/%E6%BC%A2%E5%AD%97%E3%83%9A%E3%83%87%E3%82%A3%E3%82%A2%E5%90%8C%E8%A8%93%E7%95%B0%E7%BE%A9.zip/file
208__mediafire__大辞林　第四版.zip	https://www.mediafire.com/file/opc4m5hmycljkcb/%25E5%25A4%25A7%25E8%25BE%259E%25E6%259E%2597%25E3%2580%2580%25E7%25AC%25AC%25E5%259B%259B%25E7%2589%2588.zip/file
209__mediafire__新明解国語辞典　第八版.zip	https://www.mediafire.com/file/pgzai40a38hpflc/%25E6%2596%25B0%25E6%2598%258E%25E8%25A7%25A3%25E5%259B%25BD%25E8%25AA%259E%25E8%25BE%259E%25E5%2585%25B8%25E3%2580%2580%25E7%25AC%25AC%25E5%2585%25AB%25E7%2589%2588.zip/file
210__mediafire__Chữ+Nôm.zip	https://www.mediafire.com/file/sn5xjfcp045vh9p/Ch%E1%BB%AF_N%C3%B4m.zip/file
211__mediafire__[VI+-+VI]+dict.zip	https://www.mediafire.com/file/zkr1i29t7d6vxth/%5BVI_-_VI%5D_dict.zip/file
