001__ImenaOphelia_openrussian-to-yomitan__opr-ru-en.zip	main: opr-ru-en	term 30/30	meta 0/0	kanji 0/0	kmeta 0/0	branch: opr-ru-en	term 30/30	meta 0/0	kanji 0/0	kmeta 0/0
002__ImenaOphelia_openrussian-to-yomitan__zaliznyak-prefix.zip	main: Зализняк	term 0/0	meta 30/30	kanji 0/0	kmeta 0/0	branch: Зализняк	term 0/0	meta 30/30	kanji 0/0	kmeta 0/0
003__ImenaOphelia_openrussian-to-yomitan__zaliznyak.zip	main: Зализняк	term 0/0	meta 30/30	kanji 0/0	kmeta 0/0	branch: Зализняк	term 0/0	meta 30/30	kanji 0/0	kmeta 0/0
004__Lyroxide_yomitan-ko-dic__ipa.zip	main: 발음	term 0/0	meta 30/30	kanji 0/0	kmeta 0/0	branch: 발음	term 0/0	meta 30/30	kanji 0/0	kmeta 0/0
005__Lyroxide_yomitan-ko-dic__KO-AR.KRDICT.No.Examples.zip	main: KRDICT AR	term 30/30	meta 0/0	kanji 0/0	kmeta 0/0	branch: KRDICT AR	term 30/30	meta 0/0	kanji 0/0	kmeta 0/0
006__Lyroxide_yomitan-ko-dic__KO-AR.KRDICT.zip	main: KRDICT AR	term 30/30	meta 0/0	kanji 0/0	kmeta 0/0	branch: KRDICT AR	term 30/30	meta 0/0	kanji 0/0	kmeta 0/0
007__Lyroxide_yomitan-ko-dic__KO-EN.KRDICT.No.Examples.zip	main: KRDICT EN	term 30/30	meta 0/0	kanji 0/0	kmeta 0/0	branch: KRDICT EN	term 30/30	meta 0/0	kanji 0/0	kmeta 0/0
008__Lyroxide_yomitan-ko-dic__KO-EN.KRDICT.zip	main: KRDICT EN	term 30/30	meta 0/0	kanji 0/0	kmeta 0/0	branch: KRDICT EN	term 30/30	meta 0/0	kanji 0/0	kmeta 0/0
009__Lyroxide_yomitan-ko-dic__KO-ES.KRDICT.No.Examples.zip	main: KRDICT ES	term 30/30	meta 0/0	kanji 0/0	kmeta 0/0	branch: KRDICT ES	term 30/30	meta 0/0	kanji 0/0	kmeta 0/0
010__Lyroxide_yomitan-ko-dic__KO-ES.KRDICT.zip	main: KRDICT ES	term 30/30	meta 0/0	kanji 0/0	kmeta 0/0	branch: KRDICT ES	term 30/30	meta 0/0	kanji 0/0	kmeta 0/0
011__Lyroxide_yomitan-ko-dic__KO-FR.KRDICT.No.Examples.zip	main: KRDICT FR	term 30/30	meta 0/0	kanji 0/0	kmeta 0/0	branch: KRDICT FR	term 30/30	meta 0/0	kanji 0/0	kmeta 0/0
012__Lyroxide_yomitan-ko-dic__KO-FR.KRDICT.zip	main: KRDICT FR	term 30/30	meta 0/0	kanji 0/0	kmeta 0/0	branch: KRDICT FR	term 30/30	meta 0/0	kanji 0/0	kmeta 0/0
013__Lyroxide_yomitan-ko-dic__KO-ID.KRDICT.No.Examples.zip	main: KRDICT ID	term 30/30	meta 0/0	kanji 0/0	kmeta 0/0	branch: KRDICT ID	term 30/30	meta 0/0	kanji 0/0	kmeta 0/0
014__Lyroxide_yomitan-ko-dic__KO-ID.KRDICT.zip	main: KRDICT ID	term 30/30	meta 0/0	kanji 0/0	kmeta 0/0	branch: KRDICT ID	term 30/30	meta 0/0	kanji 0/0	kmeta 0/0
015__Lyroxide_yomitan-ko-dic__KO-JA.KRDICT.No.Examples.zip	main: KRDICT JA	term 30/30	meta 0/0	kanji 0/0	kmeta 0/0	branch: KRDICT JA	term 30/30	meta 0/0	kanji 0/0	kmeta 0/0
016__Lyroxide_yomitan-ko-dic__KO-JA.KRDICT.zip	main: KRDICT JA	term 30/30	meta 0/0	kanji 0/0	kmeta 0/0	branch: KRDICT JA	term 30/30	meta 0/0	kanji 0/0	kmeta 0/0
017__Lyroxide_yomitan-ko-dic__KO-MN.KRDICT.No.Examples.zip	main: KRDICT MN	term 30/30	meta 0/0	kanji 0/0	kmeta 0/0	branch: KRDICT MN	term 30/30	meta 0/0	kanji 0/0	kmeta 0/0
018__Lyroxide_yomitan-ko-dic__KO-MN.KRDICT.zip	main: KRDICT MN	term 30/30	meta 0/0	kanji 0/0	kmeta 0/0	branch: KRDICT MN	term 30/30	meta 0/0	kanji 0/0	kmeta 0/0
019__Lyroxide_yomitan-ko-dic__KO-RU.KRDICT.No.Examples.zip	main: KRDICT RU	term 30/30	meta 0/0	kanji 0/0	kmeta 0/0	branch: KRDICT RU	term 30/30	meta 0/0	kanji 0/0	kmeta 0/0
020__Lyroxide_yomitan-ko-dic__KO-RU.KRDICT.zip	main: KRDICT RU	term 30/30	meta 0/0	kanji 0/0	kmeta 0/0	branch: KRDICT RU	term 30/30	meta 0/0	kanji 0/0	kmeta 0/0
021__Lyroxide_yomitan-ko-dic__KO-TH.KRDICT.No.Examples.zip	main: KRDICT TH	term 30/30	meta 0/0	kanji 0/0	kmeta 0/0	branch: KRDICT TH	term 30/30	meta 0/0	kanji 0/0	kmeta 0/0
022__Lyroxide_yomitan-ko-dic__KO-TH.KRDICT.zip	main: KRDICT TH	term 30/30	meta 0/0	kanji 0/0	kmeta 0/0	branch: KRDICT TH	term 30/30	meta 0/0	kanji 0/0	kmeta 0/0
023__Lyroxide_yomitan-ko-dic__KO-VI.KRDICT.No.Examples.zip	main: KRDICT VI	term 30/30	meta 0/0	kanji 0/0	kmeta 0/0	branch: KRDICT VI	term 30/30	meta 0/0	kanji 0/0	kmeta 0/0
024__Lyroxide_yomitan-ko-dic__KO-VI.KRDICT.zip	main: KRDICT VI	term 30/30	meta 0/0	kanji 0/0	kmeta 0/0	branch: KRDICT VI	term 30/30	meta 0/0	kanji 0/0	kmeta 0/0
025__Lyroxide_yomitan-ko-dic__KO-ZH.KRDICT.No.Examples.zip	main: KRDICT ZH	term 30/30	meta 0/0	kanji 0/0	kmeta 0/0	branch: KRDICT ZH	term 30/30	meta 0/0	kanji 0/0	kmeta 0/0
026__Lyroxide_yomitan-ko-dic__KO-ZH.KRDICT.zip	main: KRDICT ZH	term 30/30	meta 0/0	kanji 0/0	kmeta 0/0	branch: KRDICT ZH	term 30/30	meta 0/0	kanji 0/0	kmeta 0/0
027__Lyroxide_yomitan-ko-dic__Monolingual.KRDICT.No.Examples.zip	main: KRDICT	term 30/30	meta 0/0	kanji 0/0	kmeta 0/0	branch: KRDICT	term 30/30	meta 0/0	kanji 0/0	kmeta 0/0
028__Lyroxide_yomitan-ko-dic__Monolingual.KRDICT.zip	main: KRDICT	term 30/30	meta 0/0	kanji 0/0	kmeta 0/0	branch: KRDICT	term 30/30	meta 0/0	kanji 0/0	kmeta 0/0
029__Lyroxide_yomitan-ko-dic__Monolingual.OPENDICT.PREVIEW.zip	main: OPENDICT	term 30/30	meta 0/0	kanji 0/0	kmeta 0/0	branch: OPENDICT	term 30/30	meta 0/0	kanji 0/0	kmeta 0/0
030__Lyroxide_yomitan-ko-dic__Monolingual.STDICT.No.Examples.zip	main: STDICT	term 30/30	meta 0/0	kanji 0/0	kmeta 0/0	branch: STDICT	term 30/30	meta 0/0	kanji 0/0	kmeta 0/0
031__Lyroxide_yomitan-ko-dic__Monolingual.STDICT.zip	main: STDICT	term 30/30	meta 0/0	kanji 0/0	kmeta 0/0	branch: STDICT	term 30/30	meta 0/0	kanji 0/0	kmeta 0/0
032__MarvNC_cc-cedict-yomitan__CC-CEDICT.Canto.zip	main: CC-CEDICT Canto [2026-10-05]	term 30/30	meta 0/0	kanji 0/0	kmeta 0/0	branch: CC-CEDICT Canto [2026-10-05]	term 30/30	meta 0/0	kanji 0/0	kmeta 0/0
033__MarvNC_cc-cedict-yomitan__CC-CEDICT.Hanzi.zip	main: CC-CEDICT Hanzi [2026-10-05]	term 0/0	meta 0/0	kanji 30/30	kmeta 0/0	branch: CC-CEDICT Hanzi [2026-10-05]	term 0/0	meta 0/0	kanji 30/30	kmeta 0/0
034__MarvNC_cc-cedict-yomitan__CC-CEDICT.Zhuyin.zip	main: CC-CEDICT Zhuyin [2026-10-05]	term 30/30	meta 0/0	kanji 0/0	kmeta 0/0	branch: CC-CEDICT Zhuyin [2026-10-05]	term 30/30	meta 0/0	kanji 0/0	kmeta 0/0
035__MarvNC_cc-cedict-yomitan__CC-CEDICT.zip	main: CC-CEDICT [2026-10-05]	term 30/30	meta 0/0	kanji 0/0	kmeta 0/0	branch: CC-CEDICT [2026-10-05]	term 30/30	meta 0/0	kanji 0/0	kmeta 0/0
036__yomidevs_jmdict-yomitan__JMdict_dutch.zip	main: JMdict (Dutch) [2026-10-05]	term 30/30	meta 0/0	kanji 0/0	kmeta 0/0	branch: JMdict (Dutch) [2026-10-05]	term 30/30	meta 0/0	kanji 0/0	kmeta 0/0
037__yomidevs_jmdict-yomitan__JMdict_english.zip	main: JMdict [2026-10-05]	term 30/30	meta 0/0	kanji 0/0	kmeta 0/0	branch: JMdict [2026-10-05]	term 30/30	meta 0/0	kanji 0/0	kmeta 0/0
038__yomidevs_jmdict-yomitan__JMdict_english_legacy.zip	main: JMdict (Legacy) [2026-10-05]	term 30/30	meta 0/0	kanji 0/0	kmeta 0/0	branch: JMdict (Legacy) [2026-10-05]	term 30/30	meta 0/0	kanji 0/0	kmeta 0/0
039__yomidevs_jmdict-yomitan__JMdict_english_legacy_without_proper_names.zip	main: JMdict (Legacy) [2026-10-05]	term 30/30	meta 0/0	kanji 0/0	kmeta 0/0	branch: JMdict (Legacy) [2026-10-05]	term 30/30	meta 0/0	kanji 0/0	kmeta 0/0
040__yomidevs_jmdict-yomitan__JMdict_english_without_proper_names.zip	main: JMdict [2026-10-05]	term 30/30	meta 0/0	kanji 0/0	kmeta 0/0	branch: JMdict [2026-10-05]	term 30/30	meta 0/0	kanji 0/0	kmeta 0/0
041__yomidevs_jmdict-yomitan__JMdict_english_with_examples.zip	main: JMdict [2026-10-05]	term 30/30	meta 0/0	kanji 0/0	kmeta 0/0	branch: JMdict [2026-10-05]	term 30/30	meta 0/0	kanji 0/0	kmeta 0/0
042__yomidevs_jmdict-yomitan__JMdict_forms.zip	main: JMdict Forms [2026-10-05]	term 30/30	meta 0/0	kanji 0/0	kmeta 0/0	branch: JMdict Forms [2026-10-05]	term 30/30	meta 0/0	kanji 0/0	kmeta 0/0
043__yomidevs_jmdict-yomitan__JMdict_french.zip	main: JMdict (French) [2026-10-05]	term 30/30	meta 0/0	kanji 0/0	kmeta 0/0	branch: JMdict (French) [2026-10-05]	term 30/30	meta 0/0	kanji 0/0	kmeta 0/0
044__yomidevs_jmdict-yomitan__JMdict_german.zip	main: JMdict (German) [2026-10-05]	term 30/30	meta 0/0	kanji 0/0	kmeta 0/0	branch: JMdict (German) [2026-10-05]	term 30/30	meta 0/0	kanji 0/0	kmeta 0/0
045__yomidevs_jmdict-yomitan__JMdict_hungarian.zip	main: JMdict (Hungarian) [2026-10-05]	term 30/30	meta 0/0	kanji 0/0	kmeta 0/0	branch: JMdict (Hungarian) [2026-10-05]	term 30/30	meta 0/0	kanji 0/0	kmeta 0/0
046__yomidevs_jmdict-yomitan__JMdict_russian.zip	main: JMdict (Russian) [2026-10-05]	term 30/30	meta 0/0	kanji 0/0	kmeta 0/0	branch: JMdict (Russian) [2026-10-05]	term 30/30	meta 0/0	kanji 0/0	kmeta 0/0
047__yomidevs_jmdict-yomitan__JMdict_slovenian.zip	main: JMdict (Slovenian) [2026-10-05]	term 30/30	meta 0/0	kanji 0/0	kmeta 0/0	branch: JMdict (Slovenian) [2026-10-05]	term 30/30	meta 0/0	kanji 0/0	kmeta 0/0
048__yomidevs_jmdict-yomitan__JMdict_spanish.zip	main: JMdict (Spanish) [2026-10-05]	term 30/30	meta 0/0	kanji 0/0	kmeta 0/0	branch: JMdict (Spanish) [2026-10-05]	term 30/30	meta 0/0	kanji 0/0	kmeta 0/0
049__yomidevs_jmdict-yomitan__JMdict_swedish.zip	main: JMdict (Swedish) [2026-10-05]	term 30/30	meta 0/0	kanji 0/0	kmeta 0/0	branch: JMdict (Swedish) [2026-10-05]	term 30/30	meta 0/0	kanji 0/0	kmeta 0/0
050__yomidevs_jmdict-yomitan__JMnedict.zip	main: JMnedict [2026-10-05]	term 30/30	meta 0/0	kanji 0/0	kmeta 0/0	branch: JMnedict [2026-10-05]	term 30/30	meta 0/0	kanji 0/0	kmeta 0/0
051__yomidevs_jmdict-yomitan__KANJIDIC_english.zip	main: KANJIDIC [2026-278]	term 0/0	meta 0/0	kanji 30/30	kmeta 0/0	branch: KANJIDIC [2026-278]	term 0/0	meta 0/0	kanji 30/30	kmeta 0/0
052__yomidevs_jmdict-yomitan__KANJIDIC_french.zip	main: KANJIDIC (French) [2026-278]	term 0/0	meta 0/0	kanji 30/30	kmeta 0/0	branch: KANJIDIC (French) [2026-278]	term 0/0	meta 0/0	kanji 30/30	kmeta 0/0
053__yomidevs_jmdict-yomitan__KANJIDIC_portuguese.zip	main: KANJIDIC (Portuguese) [2026-278]	term 0/0	meta 0/0	kanji 30/30	kmeta 0/0	branch: KANJIDIC (Portuguese) [2026-278]	term 0/0	meta 0/0	kanji 30/30	kmeta 0/0
054__yomidevs_jmdict-yomitan__KANJIDIC_spanish.zip	main: KANJIDIC (Spanish) [2026-278]	term 0/0	meta 0/0	kanji 30/30	kmeta 0/0	branch: KANJIDIC (Spanish) [2026-278]	term 0/0	meta 0/0	kanji 30/30	kmeta 0/0
055__MarvNC_jpdb-freq-list__Freq.JPDB_2022-05-10T03_27_02.930Z.zip	main: JPDB	term 0/0	meta 30/30	kanji 0/0	kmeta 0/0	branch: JPDB	term 0/0	meta 30/30	kanji 0/0	kmeta 0/0
056__MarvNC_kanjidego-yomitan-anki__GO.zip	main: 漢字でGo! [2024-03-09]	term 30/30	meta 0/0	kanji 0/0	kmeta 0/0	branch: 漢字でGo! [2024-03-09]	term 30/30	meta 0/0	kanji 0/0	kmeta 0/0
057__MarvNC_pixiv-yomitan__PixivLight_2026-10-06.zip	main: Pixiv Light [2026-10-06]	term 30/30	meta 0/0	kanji 0/0	kmeta 0/0	branch: Pixiv Light [2026-10-06]	term 30/30	meta 0/0	kanji 0/0	kmeta 0/0
058__MarvNC_pixiv-yomitan__Pixiv_2026-10-06.zip	main: Pixiv [2026-10-06]	term 30/30	meta 0/0	kanji 0/0	kmeta 0/0	branch: Pixiv [2026-10-06]	term 30/30	meta 0/0	kanji 0/0	kmeta 0/0
059__MarvNC_wordshk-yomitan__Words.hk.2026-10-05.zip	main: Words.hk 粵典 [2026-10-05]	term 30/30	meta 0/0	kanji 0/0	kmeta 0/0	branch: Words.hk 粵典 [2026-10-05]	term 30/30	meta 0/0	kanji 0/0	kmeta 0/0
060__MarvNC_wordshk-yomitan__Words.hk.Honzi.2026-10-05.zip	main: Words.hk 粵典 漢字 [2026-10-05]	term 0/0	meta 0/0	kanji 30/30	kmeta 0/0	branch: Words.hk 粵典 漢字 [2026-10-05]	term 0/0	meta 0/0	kanji 30/30	kmeta 0/0
061__jarjumarvin_yomichan_krdict__hanja.zip	main: hanja	term 30/30	meta 0/0	kanji 0/0	kmeta 0/0	branch: hanja	term 30/30	meta 0/0	kanji 0/0	kmeta 0/0
062__jarjumarvin_yomichan_krdict__krdict_english.zip	main: krdict-english	term 30/30	meta 0/0	kanji 0/0	kmeta 0/0	branch: krdict-english	term 30/30	meta 0/0	kanji 0/0	kmeta 0/0
063__jarjumarvin_yomichan_krdict__krdict_monolingual.zip	main: krdict-monolingual	term 30/30	meta 0/0	kanji 0/0	kmeta 0/0	branch: krdict-monolingual	term 30/30	meta 0/0	kanji 0/0	kmeta 0/0
064__omnilingual_mcpdict-for-yomitan__mcpdict_for_yomitan_a1.5.zip	main: MCPDict	term 0/0	meta 0/0	kanji 30/30	kmeta 0/0	branch: MCPDict	term 0/0	meta 0/0	kanji 30/30	kmeta 0/0
065__peldas_yomitan-dicts__Babylon_Japanese_English.v1.0.0.zip	main: Babylon Japanese-English	term 30/30	meta 0/0	kanji 0/0	kmeta 0/0	branch: Babylon Japanese-English	term 30/30	meta 0/0	kanji 0/0	kmeta 0/0
066__peldas_yomitan-dicts__gottai.v1.0.1.zip	main: ごったい - タイ語辞典	term 30/30	meta 0/0	kanji 0/0	kmeta 0/0	branch: ごったい - タイ語辞典	term 30/30	meta 0/0	kanji 0/0	kmeta 0/0
067__peldas_yomitan-dicts__JTDIC.v1.0.0.zip	main: JTDIC	term 30/30	meta 0/0	kanji 0/0	kmeta 0/0	branch: JTDIC	term 30/30	meta 0/0	kanji 0/0	kmeta 0/0
068__peldas_yomitan-dicts__kpedia.v1.0.0.zip	main: Kpedia	term 30/30	meta 0/0	kanji 0/0	kmeta 0/0	branch: Kpedia	term 30/30	meta 0/0	kanji 0/0	kmeta 0/0
069__peldas_yomitan-dicts__KRDICT-EN-hanja.v1.0.3-hanja-only.zip	main: KRDICT EN Hanja	term 30/30	meta 0/0	kanji 0/0	kmeta 0/0	branch: KRDICT EN Hanja	term 30/30	meta 0/0	kanji 0/0	kmeta 0/0
070__peldas_yomitan-dicts__KRDICT-EN-hanja.v1.0.3-pronunciation-only.zip	main: KRDICT EN Hanja	term 0/0	meta 30/30	kanji 0/0	kmeta 0/0	branch: KRDICT EN Hanja	term 0/0	meta 30/30	kanji 0/0	kmeta 0/0
071__peldas_yomitan-dicts__KRDICT-EN-hanja.v1.0.3-with-pronunciation.zip	main: KRDICT EN Hanja	term 30/30	meta 30/30	kanji 0/0	kmeta 0/0	branch: KRDICT EN Hanja	term 30/30	meta 30/30	kanji 0/0	kmeta 0/0
072__peldas_yomitan-dicts__KRDICT-JA-hanja.v1.3.3-hanja-only.zip	main: KRDICT JA Hanja	term 30/30	meta 0/0	kanji 0/0	kmeta 0/0	branch: KRDICT JA Hanja	term 30/30	meta 0/0	kanji 0/0	kmeta 0/0
073__peldas_yomitan-dicts__KRDICT-JA-hanja.v1.3.3-pronunciation-only.zip	main: KRDICT JA Hanja	term 0/0	meta 30/30	kanji 0/0	kmeta 0/0	branch: KRDICT JA Hanja	term 0/0	meta 30/30	kanji 0/0	kmeta 0/0
074__peldas_yomitan-dicts__KRDICT-JA-hanja.v1.3.3-with-pronunciation.zip	main: KRDICT JA Hanja	term 30/30	meta 30/30	kanji 0/0	kmeta 0/0	branch: KRDICT JA Hanja	term 30/30	meta 30/30	kanji 0/0	kmeta 0/0
075__peldas_yomitan-dicts__KRDICT-KR-hanja.v1.0.3-hanja-only.zip	main: KRDICT Hanja	term 30/30	meta 0/0	kanji 0/0	kmeta 0/0	branch: KRDICT Hanja	term 30/30	meta 0/0	kanji 0/0	kmeta 0/0
076__peldas_yomitan-dicts__KRDICT-KR-hanja.v1.0.3-pronunciation-only.zip	main: KRDICT Hanja	term 0/0	meta 30/30	kanji 0/0	kmeta 0/0	branch: KRDICT Hanja	term 0/0	meta 30/30	kanji 0/0	kmeta 0/0
077__peldas_yomitan-dicts__KRDICT-KR-hanja.v1.0.3-with-pronunciation.zip	main: KRDICT Hanja	term 30/30	meta 30/30	kanji 0/0	kmeta 0/0	branch: KRDICT Hanja	term 30/30	meta 30/30	kanji 0/0	kmeta 0/0
078__peldas_yomitan-dicts__Naver-JA-hanja.v1.0.3-hanja-only.zip	main: Naver KR-JP Hanja	term 30/30	meta 0/0	kanji 0/0	kmeta 0/0	branch: Naver KR-JP Hanja	term 30/30	meta 0/0	kanji 0/0	kmeta 0/0
079__peldas_yomitan-dicts__Naver-JA-hanja.v1.0.3-pronunciation-only.zip	main: Naver KR-JP Hanja	term 0/0	meta 30/30	kanji 0/0	kmeta 0/0	branch: Naver KR-JP Hanja	term 0/0	meta 30/30	kanji 0/0	kmeta 0/0
080__peldas_yomitan-dicts__Naver-JA-hanja.v1.0.3-with-pronunciation.zip	main: Naver KR-JP Hanja	term 30/30	meta 30/30	kanji 0/0	kmeta 0/0	branch: Naver KR-JP Hanja	term 30/30	meta 30/30	kanji 0/0	kmeta 0/0
081__peldas_yomitan-dicts__STDICT-hanja.v1.0.3-hanja-only.zip	main: STDICT Hanja	term 30/30	meta 0/0	kanji 0/0	kmeta 0/0	branch: STDICT Hanja	term 30/30	meta 0/0	kanji 0/0	kmeta 0/0
082__peldas_yomitan-dicts__STDICT-hanja.v1.0.3-pronunciation-only.zip	main: STDICT Hanja	term 0/0	meta 30/30	kanji 0/0	kmeta 0/0	branch: STDICT Hanja	term 0/0	meta 30/30	kanji 0/0	kmeta 0/0
083__peldas_yomitan-dicts__STDICT-hanja.v1.0.3-with-pronunciation.zip	main: STDICT Hanja	term 30/30	meta 30/30	kanji 0/0	kmeta 0/0	branch: STDICT Hanja	term 30/30	meta 30/30	kanji 0/0	kmeta 0/0
084__toasted-nutbread_yomichan-bccwj-frequency-dictionary__BCCWJ-LUW.zip	main: BCCWJ-LUW	term 0/0	meta 30/30	kanji 0/0	kmeta 0/0	branch: BCCWJ-LUW	term 0/0	meta 30/30	kanji 0/0	kmeta 0/0
085__toasted-nutbread_yomichan-bccwj-frequency-dictionary__BCCWJ-SUW.zip	main: BCCWJ-SUW	term 0/0	meta 30/30	kanji 0/0	kmeta 0/0	branch: BCCWJ-SUW	term 0/0	meta 30/30	kanji 0/0	kmeta 0/0
086__StefanVukovic99_leipzig-to-yomitan__Leipzig.Mandarin.Chinese.Wikipedia.zip	main: Leipzig Mandarin Chinese Wikipedia	term 0/0	meta 30/30	kanji 0/0	kmeta 0/0	branch: Leipzig Mandarin Chinese Wikipedia	term 0/0	meta 30/30	kanji 0/0	kmeta 0/0
087__StefanVukovic99_leipzig-to-yomitan__Leipzig.English.News.zip	main: Leipzig English News	term 0/0	meta 30/30	kanji 0/0	kmeta 0/0	branch: Leipzig English News	term 0/0	meta 30/30	kanji 0/0	kmeta 0/0
088__StefanVukovic99_leipzig-to-yomitan__Leipzig.Swiss.German.Wikipedia.Rank.zip	main: Leipzig Swiss German Wikipedia (Rank)	term 0/0	meta 30/30	kanji 0/0	kmeta 0/0	branch: Leipzig Swiss German Wikipedia (Rank)	term 0/0	meta 30/30	kanji 0/0	kmeta 0/0
089__StefanVukovic99_leipzig-to-yomitan__Leipzig.German.Wikipedia.Rank.zip	main: Leipzig German Wikipedia (Rank)	term 0/0	meta 30/30	kanji 0/0	kmeta 0/0	branch: Leipzig German Wikipedia (Rank)	term 0/0	meta 30/30	kanji 0/0	kmeta 0/0
090__StefanVukovic99_leipzig-to-yomitan__Leipzig.Japanese.Wikipedia.Rank.zip	main: Leipzig Japanese Wikipedia (Rank)	term 0/0	meta 30/30	kanji 0/0	kmeta 0/0	branch: Leipzig Japanese Wikipedia (Rank)	term 0/0	meta 30/30	kanji 0/0	kmeta 0/0
091__StefanVukovic99_leipzig-to-yomitan__Leipzig.Japanese.Wikipedia.zip	main: Leipzig Japanese Wikipedia	term 0/0	meta 30/30	kanji 0/0	kmeta 0/0	branch: Leipzig Japanese Wikipedia	term 0/0	meta 30/30	kanji 0/0	kmeta 0/0
092__StefanVukovic99_leipzig-to-yomitan__Leipzig.Japanese.Wikipedia.Occurrence.zip	main: Leipzig Japanese Wikipedia (Occurrence)	term 0/0	meta 30/30	kanji 0/0	kmeta 0/0	branch: Leipzig Japanese Wikipedia (Occurrence)	term 0/0	meta 30/30	kanji 0/0	kmeta 0/0
093__StefanVukovic99_leipzig-to-yomitan__Leipzig.Japanese.News.Rank.zip	main: Leipzig Japanese News (Rank)	term 0/0	meta 30/30	kanji 0/0	kmeta 0/0	branch: Leipzig Japanese News (Rank)	term 0/0	meta 30/30	kanji 0/0	kmeta 0/0
094__MarvNC_wikipedia-yomitan__eu.Wikipedia.2022-12-01.v1.6.1.zip	main: EU Wikipedia [2022-12-01] (v1.6.1)	term 30/30	meta 0/0	kanji 0/0	kmeta 0/0	branch: EU Wikipedia [2022-12-01] (v1.6.1)	term 30/30	meta 0/0	kanji 0/0	kmeta 0/0
095__MarvNC_wikipedia-yomitan__ja.Wikipedia.2022-12-01.v1.6.1.zip	main: JA Wikipedia [2022-12-01] (v1.6.1)	term 30/30	meta 0/0	kanji 0/0	kmeta 0/0	branch: JA Wikipedia [2022-12-01] (v1.6.1)	term 30/30	meta 0/0	kanji 0/0	kmeta 0/0
096__MarvNC_yomitan-dictionaries__[Cantonese] Cantodict.zip	main: CantoDict	term 30/30	meta 0/0	kanji 0/0	kmeta 0/0	branch: CantoDict	term 30/30	meta 0/0	kanji 0/0	kmeta 0/0
097__MarvNC_yomitan-dictionaries__[Freq] Aozora Bunko.zip	main: 青空文庫熟語	term 0/0	meta 30/30	kanji 0/0	kmeta 0/0	branch: 青空文庫熟語	term 0/0	meta 30/30	kanji 0/0	kmeta 0/0
098__MarvNC_yomitan-dictionaries__[Hanzi] Wiktionary.zip	main: ZH Wiktionary Hanzi	term 0/0	meta 0/0	kanji 30/30	kmeta 0/0	branch: ZH Wiktionary Hanzi	term 0/0	meta 0/0	kanji 30/30	kmeta 0/0
099__MarvNC_yomitan-dictionaries__[JP-Mongolian] Japanese-Mongolian 日・モ辞典 (No Sentences).zip	main: Japanese-Mongolian 日・モ辞典 (No Sentences)	term 30/30	meta 0/0	kanji 0/0	kmeta 0/0	branch: Japanese-Mongolian 日・モ辞典 (No Sentences)	term 30/30	meta 0/0	kanji 0/0	kmeta 0/0
100__MarvNC_yomitan-dictionaries__[JP-Mongolian] Japanese-Mongolian 日・モ辞典.zip	main: IMPORT-FAILED	dictionary title cannot be used as an output directory	branch: Japanese-Mongolian/日・モ辞典	term 30/30	meta 0/0	kanji 0/0	kmeta 0/0
101__MarvNC_yomitan-dictionaries__[Kanji Frequency] Aozora Bunko.zip	main: 青空文庫漢字	term 0/0	meta 0/0	kanji 0/0	kmeta 30/30	branch: 青空文庫漢字	term 0/0	meta 0/0	kanji 0/0	kmeta 30/30
102__MarvNC_yomitan-dictionaries__[Kanji Frequency] Innocent Corpus Kanji.zip	main: Innocent Corpus Kanji	term 0/0	meta 0/0	kanji 0/0	kmeta 30/30	branch: Innocent Corpus Kanji	term 0/0	meta 0/0	kanji 0/0	kmeta 30/30
103__MarvNC_yomitan-dictionaries__[Kanji Frequency] JPDB Kanji.zip	main: JPDB Kanji Freq	term 0/0	meta 0/0	kanji 0/0	kmeta 30/30	branch: JPDB Kanji Freq	term 0/0	meta 0/0	kanji 0/0	kmeta 30/30
104__MarvNC_yomitan-dictionaries__[Kanji Frequency] Wikipedia.zip	main: Wikipedia Kanji	term 0/0	meta 0/0	kanji 0/0	kmeta 30/30	branch: Wikipedia Kanji	term 0/0	meta 0/0	kanji 0/0	kmeta 30/30
105__MarvNC_yomitan-dictionaries__[Kanji] JPDB Kanji.zip	main: JPDB Kanji	term 0/0	meta 0/0	kanji 30/30	kmeta 0/0	branch: JPDB Kanji	term 0/0	meta 0/0	kanji 30/30	kmeta 0/0
106__MarvNC_yomitan-dictionaries__[Kanji] TheKanjiMap.zip	main: IMPORT-FAILED	dictionary title cannot be used as an output directory	branch: TheKanjiMap Kanji Radicals/Composition	term 0/0	meta 0/0	kanji 28/30	kmeta 0/0
107__MarvNC_yomitan-dictionaries__[Kanji] Wiktionary.zip	main: Wiktionary漢字	term 0/0	meta 0/0	kanji 30/30	kmeta 0/0	branch: Wiktionary漢字	term 0/0	meta 0/0	kanji 30/30	kmeta 0/0
108__MarvNC_yomitan-dictionaries__[Kanji] jitai.zip	main: jitai	term 0/0	meta 0/0	kanji 30/30	kmeta 0/0	branch: jitai	term 0/0	meta 0/0	kanji 30/30	kmeta 0/0
109__MarvNC_yomitan-dictionaries__[Kanji] mozc Kanji Variants.zip	main: mozc Kanji Variants	term 0/0	meta 0/0	kanji 30/30	kmeta 0/0	branch: mozc Kanji Variants	term 0/0	meta 0/0	kanji 30/30	kmeta 0/0
110__MarvNC_yomitan-dictionaries__[Monolingual] Pixiv.zip	main: Pixiv [2023-11-24]	term 30/30	meta 0/0	kanji 0/0	kmeta 0/0	branch: Pixiv [2023-11-24]	term 30/30	meta 0/0	kanji 0/0	kmeta 0/0
111__MarvNC_yomitan-dictionaries__[Monolingual] PixivLight.zip	main: PixivLight [2023-11-24]	term 30/30	meta 0/0	kanji 0/0	kmeta 0/0	branch: PixivLight [2023-11-24]	term 30/30	meta 0/0	kanji 0/0	kmeta 0/0
112__MarvNC_yomitan-dictionaries__[Monolingual] surasura.zip	main: surasura 擬声語	term 30/30	meta 0/0	kanji 0/0	kmeta 0/0	branch: surasura 擬声語	term 30/30	meta 0/0	kanji 0/0	kmeta 0/0
113__MarvNC_yomitan-dictionaries__[Other] Nico-Pixiv.zip	main: IMPORT-FAILED	dictionary title cannot be used as an output directory	branch: Nico/Pixiv	term 30/30	meta 0/0	kanji 0/0	kmeta 0/0
114__MarvNC_yomitan-dictionaries__[Other] 複合語起源.zip	main: 複合語起源	term 30/30	meta 0/0	kanji 0/0	kmeta 0/0	branch: 複合語起源	term 30/30	meta 0/0	kanji 0/0	kmeta 0/0
115__MarvNC_yomichan-dictionaries__oald-release-yomitan.zip	main: IMPORT-FAILED	could not find index.json	branch: IMPORT-FAILED	could not find index.json
116__MarvNC_yomichan-dictionaries__Aurelio.zip	main: Aurelio	term 30/30	meta 0/0	kanji 0/0	kmeta 0/0	branch: Aurelio	term 30/30	meta 0/0	kanji 0/0	kmeta 0/0
119__user-attachments_files__default.zip	main: 現代日葡辞典	term 30/30	meta 0/0	kanji 0/0	kmeta 0/0	branch: 現代日葡辞典	term 30/30	meta 0/0	kanji 0/0	kmeta 0/0
120__user-attachments_files__default.zip	main: プログレッシブ ポルトガル語辞典	term 30/30	meta 0/0	kanji 0/0	kmeta 0/0	branch: プログレッシブ ポルトガル語辞典	term 30/30	meta 0/0	kanji 0/0	kmeta 0/0
121__user-attachments_files__Living_Japanese_Slang_Dictionary_Scripting_Japan.zip	main: Living Japanese Slang Dictionary (Scripting Japan)	term 30/30	meta 0/0	kanji 0/0	kmeta 0/0	branch: Living Japanese Slang Dictionary (Scripting Japan)	term 30/30	meta 0/0	kanji 0/0	kmeta 0/0
122__user-attachments_files__JPDB.zip	main: ゴブリンじゃない人のJPDB漢字辞典	term 30/30	meta 0/0	kanji 0/0	kmeta 0/0	branch: ゴブリンじゃない人のJPDB漢字辞典	term 30/30	meta 0/0	kanji 0/0	kmeta 0/0
201__mediafire__三省堂国語辞典　第八版.zip	main: 三省堂国語辞典　第八版	term 30/30	meta 0/0	kanji 0/0	kmeta 0/0	branch: 三省堂国語辞典　第八版	term 30/30	meta 0/0	kanji 0/0	kmeta 0/0
202__mediafire__新語時事用語辞典.zip	main: 新語時事用語辞典	term 30/30	meta 0/0	kanji 0/0	kmeta 0/0	branch: 新語時事用語辞典	term 30/30	meta 0/0	kanji 0/0	kmeta 0/0
204__mediafire__全国方言辞典.zip	main: 全国方言辞典	term 30/30	meta 0/0	kanji 0/0	kmeta 0/0	branch: 全国方言辞典	term 30/30	meta 0/0	kanji 0/0	kmeta 0/0
205__mediafire__Từ+điển+tiếng+Việt.zip	main: Từ điển Việt	term 30/30	meta 0/0	kanji 0/0	kmeta 0/0	branch: Từ điển Việt	term 30/30	meta 0/0	kanji 0/0	kmeta 0/0
206__mediafire__実用日本語表現辞典.zip	main: 実用日本語表現辞典	term 30/30	meta 0/0	kanji 0/0	kmeta 0/0	branch: 実用日本語表現辞典	term 30/30	meta 0/0	kanji 0/0	kmeta 0/0
207__mediafire__漢字ペディア同訓異義.zip	main: 漢字ペディア同訓異義	term 30/30	meta 0/0	kanji 0/0	kmeta 0/0	branch: 漢字ペディア同訓異義	term 30/30	meta 0/0	kanji 0/0	kmeta 0/0
208__mediafire__大辞林　第四版.zip	main: 大辞林　第四版	term 30/30	meta 0/0	kanji 0/0	kmeta 0/0	branch: 大辞林　第四版	term 30/30	meta 0/0	kanji 0/0	kmeta 0/0
209__mediafire__新明解国語辞典　第八版.zip	main: 新明解国語辞典　第八版	term 30/30	meta 0/0	kanji 0/0	kmeta 0/0	branch: 新明解国語辞典　第八版	term 30/30	meta 0/0	kanji 0/0	kmeta 0/0
210__mediafire__Chữ+Nôm.zip	main: Chữ Nôm	term 30/30	meta 0/0	kanji 0/0	kmeta 0/0	branch: Chữ Nôm	term 30/30	meta 0/0	kanji 0/0	kmeta 0/0
211__mediafire__[VI+-+VI]+dict.zip	main: Việt Việt	term 30/30	meta 0/0	kanji 0/0	kmeta 0/0	branch: Việt Việt	term 30/30	meta 0/0	kanji 0/0	kmeta 0/0
301__gdrive__en-en-wiktionaryYomichan.zip	main: Wiki	term 30/30	meta 0/0	kanji 0/0	kmeta 0/0	branch: Wiki	term 30/30	meta 0/0	kanji 0/0	kmeta 0/0
302__gdrive__CambridgeYomichan.zip	main: CambridgeV1	term 30/30	meta 0/0	kanji 0/0	kmeta 0/0	branch: CambridgeV1	term 30/30	meta 0/0	kanji 0/0	kmeta 0/0
303__gdrive__萌典.zip	main: 萌典	term 0/30	meta 0/0	kanji 0/0	kmeta 0/0	branch: 萌典	term 30/30	meta 0/0	kanji 0/0	kmeta 0/0
304__gdrive__萌典.pinyin.zip	main: 萌典	term 0/30	meta 0/0	kanji 0/0	kmeta 0/0	branch: 萌典	term 30/30	meta 0/0	kanji 0/0	kmeta 0/0
305__gdrive__现代汉语规范词典.zip	main: 现代汉语规范词典	term 0/30	meta 0/0	kanji 0/0	kmeta 0/0	branch: 现代汉语规范词典	term 30/30	meta 0/0	kanji 0/0	kmeta 0/0
306__gdrive__牛津英汉汉英词典.zip	main: 牛津英汉汉英词典	term 0/30	meta 0/0	kanji 0/0	kmeta 0/0	branch: 牛津英汉汉英词典	term 30/30	meta 0/0	kanji 0/0	kmeta 0/0
307__gdrive__五南國語活用辭典.zip	main: 五南國語活用辭典	term 0/30	meta 0/0	kanji 0/0	kmeta 0/0	branch: 五南國語活用辭典	term 30/30	meta 0/0	kanji 0/0	kmeta 0/0
308__gdrive__五南國語活用辭典.pinyin.zip	main: 五南國語活用辭典 pinyin	term 0/30	meta 0/0	kanji 0/0	kmeta 0/0	branch: 五南國語活用辭典 pinyin	term 30/30	meta 0/0	kanji 0/0	kmeta 0/0
309__gdrive__五南國語活用辭典.bopomofo.zip	main: 五南國語活用辭典 bopomofo	term 0/30	meta 0/0	kanji 0/0	kmeta 0/0	branch: 五南國語活用辭典 bopomofo	term 30/30	meta 0/0	kanji 0/0	kmeta 0/0
310__gdrive__深辞海(日本語アラビア語大辞典).zip	main: 深辞海	term 30/30	meta 0/0	kanji 0/0	kmeta 0/0	branch: 深辞海	term 30/30	meta 0/0	kanji 0/0	kmeta 0/0
311__gdrive__kanjiten.zip	main: 漢字辞典オンライン	term 0/0	meta 0/0	kanji 30/30	kmeta 0/0	branch: 漢字辞典オンライン	term 0/0	meta 0/0	kanji 30/30	kmeta 0/0
312__gdrive__[Bilingual ja-de] Wadoku 和独大辞典 (JA-DE).zip	main: 和独大辞典	term 30/30	meta 0/0	kanji 0/0	kmeta 0/0	branch: 和独大辞典	term 30/30	meta 0/0	kanji 0/0	kmeta 0/0
400__jitendex__jitendex-yomitan.zip	main: Jitendex.org [2026-10-03]	term 30/30	meta 0/0	kanji 0/0	kmeta 0/0	branch: Jitendex.org [2026-10-03]	term 30/30	meta 0/0	kanji 0/0	kmeta 0/0
